0,par
0,base
1,N_pal
2,t_max
3,SM
4,clay_conf
5,D
6,kv_mar
7,n_clay
8,beta
9,a
10,f_cond_chan
11,kh
12,phi
13,dD
14,f_kh_pal
15,N_chan
16,al
17,alpha
18,s_pal
19,intrusion_L
20,ani
21,tra
22,rch_rate
23,por
24,base
25,dD
26,N_chan
27,clay_conf
28,beta
29,N_pal
30,rch_rate
31,intrusion_L
32,kh
33,a
34,n_clay
35,f_kh_pal
36,SM
37,f_cond_chan
38,al
39,phi
40,por
41,t_max
42,D
43,tra
44,s_pal
45,kv_mar
46,ani
47,alpha
48,base
49,s_pal
50,clay_conf
51,a
52,phi
53,por
54,dD
55,intrusion_L
56,alpha
57,n_clay
58,SM
59,rch_rate
60,tra
61,f_cond_chan
62,N_chan
63,D
64,beta
65,al
66,f_kh_pal
67,kh
68,N_pal
69,ani
70,kv_mar
71,t_max
72,base
73,phi
74,por
75,beta
76,alpha
77,kv_mar
78,a
79,s_pal
80,al
81,kh
82,tra
83,dD
84,t_max
85,f_kh_pal
86,N_pal
87,n_clay
88,rch_rate
89,N_chan
90,clay_conf
91,SM
92,f_cond_chan
93,ani
94,intrusion_L
95,D
96,base
97,phi
98,t_max
99,ani
100,kv_mar
101,por
102,D
103,SM
104,clay_conf
105,beta
106,f_cond_chan
107,s_pal
108,alpha
109,tra
110,rch_rate
111,al
112,a
113,intrusion_L
114,kh
115,N_chan
116,dD
117,N_pal
118,f_kh_pal
119,n_clay
120,base
121,ani
122,alpha
123,D
124,kv_mar
125,f_cond_chan
126,f_kh_pal
127,tra
128,al
129,dD
130,t_max
131,N_pal
132,clay_conf
133,SM
134,a
135,n_clay
136,intrusion_L
137,por
138,s_pal
139,kh
140,beta
141,N_chan
142,phi
143,rch_rate
144,base
145,ani
146,t_max
147,kv_mar
148,kh
149,SM
150,f_cond_chan
151,D
152,tra
153,rch_rate
154,dD
155,a
156,alpha
157,N_chan
158,f_kh_pal
159,s_pal
160,intrusion_L
161,clay_conf
162,N_pal
163,por
164,beta
165,al
166,phi
167,n_clay
168,base
169,phi
170,f_cond_chan
171,rch_rate
172,tra
173,beta
174,n_clay
175,clay_conf
176,alpha
177,kv_mar
178,a
179,f_kh_pal
180,kh
181,N_pal
182,por
183,D
184,s_pal
185,SM
186,intrusion_L
187,N_chan
188,t_max
189,al
190,ani
191,dD
192,base
193,t_max
194,a
195,dD
196,phi
197,N_pal
198,s_pal
199,kh
200,por
201,clay_conf
202,al
203,alpha
204,beta
205,tra
206,SM
207,f_kh_pal
208,D
209,f_cond_chan
210,n_clay
211,kv_mar
212,ani
213,rch_rate
214,intrusion_L
215,N_chan
216,base
217,n_clay
218,phi
219,f_kh_pal
220,kh
221,por
222,N_pal
223,intrusion_L
224,al
225,f_cond_chan
226,beta
227,a
228,tra
229,rch_rate
230,SM
231,ani
232,dD
233,alpha
234,t_max
235,kv_mar
236,clay_conf
237,s_pal
238,D
239,N_chan
240,base
241,s_pal
242,kh
243,D
244,SM
245,clay_conf
246,f_cond_chan
247,rch_rate
248,por
249,intrusion_L
250,f_kh_pal
251,n_clay
252,ani
253,kv_mar
254,phi
255,N_chan
256,dD
257,t_max
258,tra
259,beta
260,al
261,alpha
262,N_pal
263,a
264,base
265,por
266,rch_rate
267,phi
268,t_max
269,n_clay
270,tra
271,SM
272,clay_conf
273,a
274,alpha
275,kh
276,beta
277,f_kh_pal
278,s_pal
279,al
280,f_cond_chan
281,D
282,ani
283,kv_mar
284,N_chan
285,dD
286,intrusion_L
287,N_pal
